{"cameraMode":{"drawMode":0,"name":"Shaded","section":"Shading Mode"},"sceneLighting":false,"audioPlay":false,"sceneViewState":{"showFog":true,"showMaterialUpdate":false,"showSkybox":false,"showFlares":true,"showImageEffects":true,"showParticleSystems":true},"in2DMode":false,"pivot":{"x":0.6938631534576416,"y":0.9494112133979797,"z":-0.6778264045715332},"rotation":{"x":-0.2410057932138443,"y":0.43358567357063296,"z":-0.12154469639062882,"w":-0.8597385287284851},"size":0.08660250902175904,"orthographic":false}