{"cameraMode":{"drawMode":0,"name":"Shaded","section":"Shading Mode"},"sceneLighting":false,"audioPlay":false,"sceneViewState":{"showFog":true,"showMaterialUpdate":false,"showSkybox":false,"showFlares":true,"showImageEffects":true,"showParticleSystems":true},"in2DMode":false,"pivot":{"x":0.0,"y":-0.00034649670124053955,"z":0.17845946550369264},"rotation":{"x":-0.14799387753009797,"y":0.6372188925743103,"z":-0.12644408643245698,"w":-0.7457301616668701},"size":0.34338295459747317,"orthographic":false}