{"cameraMode":{"drawMode":0,"name":"Shaded","section":"Shading Mode"},"sceneLighting":false,"audioPlay":false,"sceneViewState":{"showFog":true,"showMaterialUpdate":false,"showSkybox":true,"showFlares":true,"showImageEffects":true,"showParticleSystems":true},"in2DMode":false,"pivot":{"x":-9.722228050231934,"y":17.10303497314453,"z":-3.9629006385803224},"rotation":{"x":0.08518784493207932,"y":-0.835216760635376,"z":0.13521252572536469,"w":0.5261964201927185},"size":15.517229080200196,"orthographic":false}